company,source_schema,source_row_index,title,business_line,location,publish_date,post_url,experience_text,responsibility,requirement_text,jd_text,model,business_scene_fit,platform_agent_fit,execution_fit,technical_fit,domain_transfer_fit,confidence,verdict,reason,strengths,risks,total_score
美团,meituan_detail_20260609,29,AI应用产品经理（B端）,核心本地商业-美团平台,北京市,2026-05-19,https://zhaopin.meituan.com/web/position/detail?jobUnionId=3343483756&highlightType=social,2年,负责Agent产品在商业分析场景下的评测体系构建，客观全面评估产品真实价值并驱动模型/产品优化；持续迭代评估方法论、标准、Benchmark和工具平台；开展线上AB/用户数据/评估报告分析，提出问题解决建议并推动迭代。,有AIGC、AI产品应用直接从业经验≥2年，toB应用场景偏AI助手或AI预测方向优先；对数据变化敏感，能设计验证方案；具备优秀项目管理和协同推动能力；了解AI Agent技术原理，关注行业前沿动态。,"岗位职责：
负责Agent产品在商业分析场景下的评测体系构建，客观全面评估产品真实价值并驱动模型/产品优化；持续迭代评估方法论、标准、Benchmark和工具平台；开展线上AB/用户数据/评估报告分析，提出问题解决建议并推动迭代。

任职要求：
有AIGC、AI产品应用直接从业经验≥2年，toB应用场景偏AI助手或AI预测方向优先；对数据变化敏感，能设计验证方案；具备优秀项目管理和协同推动能力；了解AI Agent技术原理，关注行业前沿动态。",doubao-seed-2-0-pro-260215,18,20,16,11,7,medium,中高匹配,候选人有AI Agent、B端产品落地经验，但缺乏商业分析场景评测体系建设经验，领域迁移有一定成本。,"['有丰富的AI Agent类、企业级B端AI产品0-1落地经验', '具备跨部门推进落地、产品全链路闭环能力，懂AI相关工程技术']","['缺少商业分析场景下AI产品评测体系搭建的相关经验', '过往从业年限偏短，对应美团2年经验要求有一定差距']",72
美团,meituan_detail_20260609,19,LongCat大模型 - Agent 评测产品经理（欢迎算法/工程转型）,核心本地商业-基础研发平台,北京市、上海市,2026-05-29,https://zhaopin.meituan.com/web/position/detail?jobUnionId=4301295312&highlightType=social,3年,围绕OpenClaw、Claude Code等主流Agent框架设计长程任务场景评测体系；设计Coding和数据分析等生产力场景的端到端评测流程，搭建自动化数据生产与Rubrics pipeline；建立评测-归因-策略建议-效果验证的闭环；持续跟踪前沿Agent框架并适配评测策略。,本科及以上，1年以上大模型评测或智能体应用落地相关经验；关注评测方案科学性和新范式，对Claude Code/OpenClaw等工具链演进保持敏感；具备数据归因分析、沟通协作和资源管理能力。优先：计算机背景、理解大模型/Agent机制、工作中能熟练用AI提效。,"岗位职责：
围绕OpenClaw、Claude Code等主流Agent框架设计长程任务场景评测体系；设计Coding和数据分析等生产力场景的端到端评测流程，搭建自动化数据生产与Rubrics pipeline；建立评测-归因-策略建议-效果验证的闭环；持续跟踪前沿Agent框架并适配评测策略。

任职要求：
本科及以上，1年以上大模型评测或智能体应用落地相关经验；关注评测方案科学性和新范式，对Claude Code/OpenClaw等工具链演进保持敏感；具备数据归因分析、沟通协作和资源管理能力。优先：计算机背景、理解大模型/Agent机制、工作中能熟练用AI提效。",doubao-seed-2-0-pro-260215,10,18,16,12,12,medium,partial,有Agent落地、闭环搭建经验，但缺少Agent评测体系、Coding场景相关实践，需迁移适配。,"['有丰富Agent类产品0-1落地、闭环搭建经验', '懂技术工具，理解LLM/Agent机制，适配性较强']","['无Agent评测体系相关建设经验', '缺少Coding、数据分析类生产力场景沉淀']",68
美团,meituan_detail_20260609,23,LongCat大模型 - 大模型评测平台产品经理,核心本地商业-基础研发平台,北京市、上海市,2026-05-29,https://zhaopin.meituan.com/web/position/detail?jobUnionId=3506281745&highlightType=social,3年,主导评测平台核心功能迭代，包括训练过程追踪、评测集数据管理、实验自动化、多维报表系统和动态评测榜单；跟进大模型能力迭代，提升评测科学性和稳定性监控；优化评测数据建设、实验和结果追踪流程，提升实验人效。,具备强产品思维与用户洞察力，能够将需求转化为高可用功能；精通数据分析，能通过指标定位系统瓶颈；熟悉大模型评测关键技术栈和主流评测框架；具备出色跨团队协作和敏捷项目管理能力。优先：大模型评测平台经验、一定开发基础、主导算法与产品协同项目经验。,"岗位职责：
主导评测平台核心功能迭代，包括训练过程追踪、评测集数据管理、实验自动化、多维报表系统和动态评测榜单；跟进大模型能力迭代，提升评测科学性和稳定性监控；优化评测数据建设、实验和结果追踪流程，提升实验人效。

任职要求：
具备强产品思维与用户洞察力，能够将需求转化为高可用功能；精通数据分析，能通过指标定位系统瓶颈；熟悉大模型评测关键技术栈和主流评测框架；具备出色跨团队协作和敏捷项目管理能力。优先：大模型评测平台经验、一定开发基础、主导算法与产品协同项目经验。",doubao-seed-2-0-pro-260215,12,14,16,10,13,medium,partial,候选人有AI平台建设和跨团队落地经验，但缺少大模型评测领域直接经验，需适配场景差异,"['有AI中台/平台类产品0-1落地经验', '具备AI技术理解、跨团队推进及工程落地能力']","['无大模型评测平台相关经验', '对算法侧评测流程、技术栈的熟悉度待验证']",65
美团,meituan_detail_20260609,1,LongCat - 大模型数据运营,核心本地商业-基础研发平台,北京市、成都市,2026-05-28,https://zhaopin.meituan.com/web/position/detail?jobUnionId=3285026405&highlightType=social,1年,围绕不同场景智能体应用，拆解多轮、规划、插件调用等核心能力，建立评测和标注体系；主导标注人员管理与数据构建；设计自动化数据合成及清洗方案；监测智能体效果并输出系统化分析报告。,本科及以上，计算机/人工智能相关背景；1年以上大模型标注/评测经验，接触过agent或智能系统应用；强调细节和端到端效果，具备良好沟通协作能力。优先：智能体数据建设、大规模数据合成和清洗经验。,"岗位职责：
围绕不同场景智能体应用，拆解多轮、规划、插件调用等核心能力，建立评测和标注体系；主导标注人员管理与数据构建；设计自动化数据合成及清洗方案；监测智能体效果并输出系统化分析报告。

任职要求：
本科及以上，计算机/人工智能相关背景；1年以上大模型标注/评测经验，接触过agent或智能系统应用；强调细节和端到端效果，具备良好沟通协作能力。优先：智能体数据建设、大规模数据合成和清洗经验。",doubao-seed-2-0-pro-260215,10,12,8,10,12,medium,weak,候选人有AI Agent相关产品经验，但岗位为大模型数据运营，核心数据标注、评测经验缺失，匹配度较低。,"['有智能体类产品设计经验，理解Agent能力边界', '具备跨部门推进落地、业务闭环经验']","['无大模型标注、评测体系建设相关经验', '过往为AI产品经理岗位，与数据运营岗位职能差异较大']",52
美团,meituan_detail_20260609,28,产品经理,核心本地商业-美团平台,北京市,2026-04-28,https://zhaopin.meituan.com/web/position/detail?jobUnionId=4131315764&highlightType=social,3年,负责Push承接页面设计与迭代；联动商业化引入全业务线供给，搭建供需匹配链路，提升访购率；设计转化玩法和人群-承接匹配策略，提升商业化收入；数据驱动迭代，沉淀SOP；结合AI/大模型能力探索产品智能化方向。,三年以上互联网产品经验，有本地生活/商业化增长经验者优先；理解用户分层，具备转化类产品设计能力；优秀跨部门协同能力和数据分析能力；具备AI产品思维，能结合大模型/AI Agent等能力进行产品设计与体验优化。,"岗位职责：
负责Push承接页面设计与迭代；联动商业化引入全业务线供给，搭建供需匹配链路，提升访购率；设计转化玩法和人群-承接匹配策略，提升商业化收入；数据驱动迭代，沉淀SOP；结合AI/大模型能力探索产品智能化方向。

任职要求：
三年以上互联网产品经验，有本地生活/商业化增长经验者优先；理解用户分层，具备转化类产品设计能力；优秀跨部门协同能力和数据分析能力；具备AI产品思维，能结合大模型/AI Agent等能力进行产品设计与体验优化。",doubao-seed-2-0-pro-260215,5,10,12,11,10,high,weak,候选人擅长ToB企业AI产品落地，岗位为C端本地生活商业化增长，业务场景匹配度低，领域迁移成本高。,"['具备AI产品0-1落地与跨部门推进能力', '熟悉LLM、Agent相关技术与产品设计']","['无本地生活、商业化增长相关经验', '过往为ToB场景，与岗位C端业务差异大']",48
美团,meituan_detail_20260609,5,LongCat - 大模型数据策略运营,核心本地商业-基础研发平台,北京市、上海市、成都市,2026-06-01,https://zhaopin.meituan.com/web/position/detail?jobUnionId=4476108218&highlightType=social,2年,针对大模型Coding场景，拆解代码生成、补全等核心能力，建立标注和评测体系；主导代码标注资源管理与数据构建；设计自动化数据合成及清洗方案；监测模型效果并持续优化数据方案。,本科及以上，计算机/软件工程/人工智能相关背景；具备扎实编程基础，熟练Python并掌握Java/C++/JavaScript之一；1年以上大模型数据运营经验。优先：代码类数据生产经验、开发工程师经验。,"岗位职责：
针对大模型Coding场景，拆解代码生成、补全等核心能力，建立标注和评测体系；主导代码标注资源管理与数据构建；设计自动化数据合成及清洗方案；监测模型效果并持续优化数据方案。

任职要求：
本科及以上，计算机/软件工程/人工智能相关背景；具备扎实编程基础，熟练Python并掌握Java/C++/JavaScript之一；1年以上大模型数据运营经验。优先：代码类数据生产经验、开发工程师经验。",doubao-seed-2-0-pro-260215,5,8,10,12,12,high,weak,候选人是AI产品经理，岗位为大模型数据策略运营，业务场景差异大，无相关数据运营经验，匹配度低。,"['有编程基础，熟悉Python等技术栈，适配岗位技术要求', '有AI产品从0到1落地、跨团队推进经验']","['无大模型数据运营、代码类数据生产相关经验', '过往为ToB/企业AI产品经验，与岗位大模型Coding场景适配性差']",47
美团,meituan_detail_20260609,3,LongCat - Pretrain Infra AI 工程师,核心本地商业-基础研发平台,北京市,2026-05-28,https://zhaopin.meituan.com/web/position/detail?jobUnionId=1466951634&highlightType=social,3年,参与超大规模AI大模型训练平台建设；负责LLM Alignment工程方案支持与优化，协同业务和算法效果迭代；跟进RAG、MemGPT、MetaGPT、WebGPT等前沿算法与架构。,熟悉分布式训练原理与Megatron/Zero/FSDP等范式；熟悉LLM推理优化和量化原理；了解强化学习基础及其在LLM的应用；熟悉Python/C++/CUDA；熟悉GPT/VIT等模型结构，有实际优化经验更佳。,"岗位职责：
参与超大规模AI大模型训练平台建设；负责LLM Alignment工程方案支持与优化，协同业务和算法效果迭代；跟进RAG、MemGPT、MetaGPT、WebGPT等前沿算法与架构。

任职要求：
熟悉分布式训练原理与Megatron/Zero/FSDP等范式；熟悉LLM推理优化和量化原理；了解强化学习基础及其在LLM的应用；熟悉Python/C++/CUDA；熟悉GPT/VIT等模型结构，有实际优化经验更佳。",doubao-seed-2-0-pro-260215,5,7,8,8,7,high,weak,岗位为大模型预训练 infra 工程师，要求算法、分布式训练等技术能力，候选人是AI产品经理，匹配度极低。,"['有AI产品落地经验，理解LLM能力边界', '具备一定工程基础，了解相关技术工具']","['岗位是技术研发岗，候选人无大模型训练优化相关经验', '缺乏分布式训练、CUDA等岗位要求的核心技术能力']",35
美团,meituan_detail_20260609,27,LongCat - 大模型自进化与自动化研究智能体研究员,核心本地商业-基础研发平台,北京市、上海市,2026-05-28,https://zhaopin.meituan.com/web/position/detail?jobUnionId=4491091941&highlightType=social,不限,研发下一代自动化研究智能体系统，构建从问题发现、假设生成、实验执行到结果验证、经验沉淀和策略迭代的自进化闭环；重点覆盖自动化研究环境、长程上下文与记忆、reward设计、评测体系和策略库复用。,扎实算法功底，熟悉NLP和机器学习，对大模型和AGI有热情；熟悉Python/Java等编程语言，动手能力强；熟悉PyTorch/Megtron/Huggingface/Triton/vLLM/SGLang等框架并有项目经验；顶会论文、开源项目或权威评测名次优先。优先：模型研发全链路、Coding Agent/AI scientist/Deep Research/长期记忆系统经验。,"岗位职责：
研发下一代自动化研究智能体系统，构建从问题发现、假设生成、实验执行到结果验证、经验沉淀和策略迭代的自进化闭环；重点覆盖自动化研究环境、长程上下文与记忆、reward设计、评测体系和策略库复用。

任职要求：
扎实算法功底，熟悉NLP和机器学习，对大模型和AGI有热情；熟悉Python/Java等编程语言，动手能力强；熟悉PyTorch/Megtron/Huggingface/Triton/vLLM/SGLang等框架并有项目经验；顶会论文、开源项目或权威评测名次优先。优先：模型研发全链路、Coding Agent/AI scientist/Deep Research/长期记忆系统经验。",doubao-seed-2-0-pro-260215,5,10,7,3,10,high,weak,岗位为算法研发类智能体研究员，要求扎实算法功底与相关框架经验，候选人是AI产品经理，匹配度低。,"['有智能体产品落地经验', '有0-1项目跨团队推进能力']","['缺乏算法研发功底与要求的框架使用经验', '岗位为研发岗与产品岗定位差异大']",35
美团,meituan_detail_20260609,9,LongCat - 通用 agent 算法研究员,核心本地商业-基础研发平台,北京市、上海市,2026-05-28,https://zhaopin.meituan.com/web/position/detail?jobUnionId=4302139093&highlightType=social,不限,通过Large Scale RL训练模型在真实全模态环境中稳定使用Tools、Skills和Subagents；探索高信息密度memory的构建、维护和复用；提升长程任务拆解与多agent并行执行能力；探索多模态推理与环境交互范式。,本科及以上，计算机、人工智能、自动化、数学、物理等相关专业；在强化学习、大模型训练、Agent等领域有深入研究与实践；具备好奇心驱动、自主探索和协作能力。,"岗位职责：
通过Large Scale RL训练模型在真实全模态环境中稳定使用Tools、Skills和Subagents；探索高信息密度memory的构建、维护和复用；提升长程任务拆解与多agent并行执行能力；探索多模态推理与环境交互范式。

任职要求：
本科及以上，计算机、人工智能、自动化、数学、物理等相关专业；在强化学习、大模型训练、Agent等领域有深入研究与实践；具备好奇心驱动、自主探索和协作能力。",doubao-seed-2-0-pro-260215,5,8,7,5,10,high,weak,岗位为算法研究岗，核心要求强化学习、大模型训练等算法能力，候选人是AI产品经理，无对应算法研究经验，匹配度极低。,"['有Agent类产品设计落地经验', '具备AI产品全链路0-1能力']","['无算法研究背景，不符合岗位核心要求', '岗位为算法岗，和候选人求职的产品经理岗位方向不符']",35
美团,meituan_detail_20260609,4,LongCat - 异构算力 AI 工程师,核心本地商业-基础研发平台,北京市、上海市,2026-05-28,https://zhaopin.meituan.com/web/position/detail?jobUnionId=4285596871&highlightType=social,1年,围绕大模型异构算力集群做训练和推理场景的算力评估、适配和维护，覆盖分布式优化框架、PyTorch、kernel算子、集合通信和Benchmark评测等工作。,有扎实计算机基础，熟练掌握C++或Python；具备问题分析与解决能力；对LLM和多模态模型有基本算法理解；有训练或推理场景实践。优先：PyTorch分布式、NCCL、CUDA、GPU/NPU经验。,"岗位职责：
围绕大模型异构算力集群做训练和推理场景的算力评估、适配和维护，覆盖分布式优化框架、PyTorch、kernel算子、集合通信和Benchmark评测等工作。

任职要求：
有扎实计算机基础，熟练掌握C++或Python；具备问题分析与解决能力；对LLM和多模态模型有基本算法理解；有训练或推理场景实践。优先：PyTorch分布式、NCCL、CUDA、GPU/NPU经验。",doubao-seed-2-0-pro-260215,3,5,8,7,10,high,weak,候选人是AI产品经理，岗位为异构算力AI工程师，二者核心职责要求差异极大，匹配度极低。,"['具备Python技能基础', '有0到1项目落地、跨部门推进经验']","['无算力集群、分布式优化、算子开发等核心相关经验', '产品背景与工程师岗位技能要求不匹配']",33
美团,meituan_detail_20260609,11,LongCat - 预训练算法研究员,核心本地商业-基础研发平台,北京市、上海市,2026-05-28,https://zhaopin.meituan.com/web/position/detail?jobUnionId=4518447096&highlightType=social,1年,探索下一代大模型训练范式，从模型结构、训练策略、数据策略和算力利用率等角度打造更强基座模型；研究高效模型结构、科学训练策略、模型结构与数据耦合、多阶段训练及MLsys联合设计。,熟悉NLP、LLM、MLsys、Optimization、OR、Control、RL等相关领域之一或多个方向；熟悉主流大模型技术和PyTorch、Megatron、DeepSpeed、vLLM、SGLang等框架。优先：开源核心贡献或高水平论文。,"岗位职责：
探索下一代大模型训练范式，从模型结构、训练策略、数据策略和算力利用率等角度打造更强基座模型；研究高效模型结构、科学训练策略、模型结构与数据耦合、多阶段训练及MLsys联合设计。

任职要求：
熟悉NLP、LLM、MLsys、Optimization、OR、Control、RL等相关领域之一或多个方向；熟悉主流大模型技术和PyTorch、Megatron、DeepSpeed、vLLM、SGLang等框架。优先：开源核心贡献或高水平论文。",doubao-seed-2-0-pro-260215,0,5,10,7,10,high,weak,岗位为预训练算法研究员，要求算法研发能力，候选人是AI产品经理，核心能力不匹配。,"['具备优秀的AI产品0-1落地能力', '有企业级AI中台、智能体产品设计经验']","['无大模型预训练相关研发经验', '岗位为算法类，与产品岗能力要求差异极大']",32
美团,meituan_detail_20260609,24,LongCat - 多模态交互算法研究员,核心本地商业-基础研发平台,北京市、上海市、深圳市,2026-05-28,https://zhaopin.meituan.com/web/position/detail?jobUnionId=3139280187&highlightType=social,1年,研究多模态实时表征、统一模型结构与训练策略、实时交互核心算法，以及交互式思考模型和流式工具调用等下一代交互范式，逼近全模态统一智能。,计算机、人工智能等相关专业硕士/博士；具备扎实视觉、语音与深度学习理论基础；深入理解VLM、Audio LLM等至少一项前沿技术；精通PyTorch并有大规模分布式训练经验；顶级会议论文优先。,"岗位职责：
研究多模态实时表征、统一模型结构与训练策略、实时交互核心算法，以及交互式思考模型和流式工具调用等下一代交互范式，逼近全模态统一智能。

任职要求：
计算机、人工智能等相关专业硕士/博士；具备扎实视觉、语音与深度学习理论基础；深入理解VLM、Audio LLM等至少一项前沿技术；精通PyTorch并有大规模分布式训练经验；顶级会议论文优先。",doubao-seed-2-0-pro-260215,5,5,6,2,12,high,weak,岗位为算法研究岗，要求硕博及算法研发经验，候选人是AI产品经理，匹配度极低。,"['有AI产品落地经验，懂基础工程技术', '有企业AI场景搭建和跨部门推进能力']","['无算法研究相关经验，与岗位核心要求不符', '学历为本科，未达硕博门槛']",30
美团,meituan_detail_20260609,13,LongCat - 语音大模型算法研究员,核心本地商业-基础研发平台,北京市、上海市,2026-05-28,https://zhaopin.meituan.com/web/position/detail?jobUnionId=3771069370&highlightType=social,1年,负责语音识别和声纹技术研发，优化在线语音识别服务在客服、出行、美团App等业务中的准确率，并探索语音大模型和多模态前沿技术。,有扎实工程基础，熟练掌握Python或C++；具备机器学习经验基础，熟悉常见深度学习算法。优先：语音、NLP、CV背景，语音大模型、多模态相关研发经验。,"岗位职责：
负责语音识别和声纹技术研发，优化在线语音识别服务在客服、出行、美团App等业务中的准确率，并探索语音大模型和多模态前沿技术。

任职要求：
有扎实工程基础，熟练掌握Python或C++；具备机器学习经验基础，熟悉常见深度学习算法。优先：语音、NLP、CV背景，语音大模型、多模态相关研发经验。",doubao-seed-2-0-pro-260215,2,5,8,5,10,high,weak,岗位为语音大模型算法研究员，候选人为AI产品经理，岗位方向不匹配，无语音算法相关经验。,"['具备AI产品0-1落地经验', '有一定工程基础，熟悉Python等工具']","['无语音识别、语音大模型相关研发经验', '岗位为算法类，候选人是产品方向，能力匹配度极低']",30
美团,meituan_detail_20260609,7,LongCat - Agentic RL AI 工程师,核心本地商业-基础研发平台,北京市、上海市,2026-05-28,https://zhaopin.meituan.com/web/position/detail?jobUnionId=2431837310&highlightType=social,不限,参与超大规模多模态大模型训练Infra建设；负责多模态基座模型训练框架架构迭代、稳定性、易用性、可运维与可观测能力建设；负责数万卡和数万亿参数规模训练性能优化。,扎实计算机理论基础，熟练掌握C++或Python；熟悉CUDA/NPU、RDMA优先；深入了解PyTorch/TensorFlow引擎及深度定制；熟悉Megatron-LM、DeepSpeed、多维并行和多模态模型结构。,"岗位职责：
参与超大规模多模态大模型训练Infra建设；负责多模态基座模型训练框架架构迭代、稳定性、易用性、可运维与可观测能力建设；负责数万卡和数万亿参数规模训练性能优化。

任职要求：
扎实计算机理论基础，熟练掌握C++或Python；熟悉CUDA/NPU、RDMA优先；深入了解PyTorch/TensorFlow引擎及深度定制；熟悉Megatron-LM、DeepSpeed、多维并行和多模态模型结构。",doubao-seed-2-0-pro-260215,0,5,7,4,10,high,weak,岗位为AI训练 infra 研发岗，要求大模型训练框架、性能优化等技术能力，候选人是AI产品经理背景，匹配度极低。,"['有AI产品落地经验，懂基本Python技术', '有跨部门推进项目落地的经验']","['无大模型训练框架、大规模分布式训练相关经验', '岗位是研发岗，候选人产品背景完全不匹配核心要求']",26
美团,meituan_detail_20260609,8,LongCat - 后训练算法研究员,核心本地商业-基础研发平台,北京市、上海市,2026-05-28,https://zhaopin.meituan.com/web/position/detail?jobUnionId=4487581555&highlightType=social,不限,深度参与LongCat模型基础能力优化，包括指令遵循、幻觉、推理、智能体等；探索大规模RL和多目标RL训练方案；探索Long Horizon场景的大模型优化方案，包括数据合成、上下文管理和长上下文RL。,深入理解大模型开发流程，熟悉预训练、指令微调和RL流程与框架；具备扎实算法和数学基础及良好编程基础，熟悉自然语言处理、生成式AI和机器学习；目标感强，善于分析和推动上下游协作。,"岗位职责：
深度参与LongCat模型基础能力优化，包括指令遵循、幻觉、推理、智能体等；探索大规模RL和多目标RL训练方案；探索Long Horizon场景的大模型优化方案，包括数据合成、上下文管理和长上下文RL。

任职要求：
深入理解大模型开发流程，熟悉预训练、指令微调和RL流程与框架；具备扎实算法和数学基础及良好编程基础，熟悉自然语言处理、生成式AI和机器学习；目标感强，善于分析和推动上下游协作。",doubao-seed-2-0-pro-260215,3,5,5,4,8,high,weak,岗位为算法研究岗，核心要求大模型后训练算法能力，候选人是AI产品经理，岗位属性差异极大，匹配度极低。,"['有AI产品落地与跨团队推进经验', '对Agent、LLM应用侧有实践认知']","['无大模型后训练算法相关经验，完全不匹配岗位核心职责', '岗位为算法研究员方向，候选人产品经理背景迁移成本极高']",25
美团,meituan_detail_20260609,20,LongCat - 数据策略与数据科学算法研究员,核心本地商业-基础研发平台,北京市、上海市,2026-05-28,https://zhaopin.meituan.com/web/position/detail?jobUnionId=4517224406&highlightType=social,1年,聚焦大规模预训练数据的理解、筛选、配比、合成与系统化迭代，建立数据分布、训练动态与模型能力之间的可解释映射；研究数据价值建模、动态配比、合成数据、训练闭环以及污染/偏差/隐私等风险缓解。,熟悉Python和PyTorch等框架，具备机器学习、深度学习、概率统计和算法基础；熟悉大语言模型或多模态基础模型训练流程；对预训练数据清洗、去重、污染检测、质量评估、覆盖度建模等有系统性理解；具备优秀实验设计和分析能力。,"岗位职责：
聚焦大规模预训练数据的理解、筛选、配比、合成与系统化迭代，建立数据分布、训练动态与模型能力之间的可解释映射；研究数据价值建模、动态配比、合成数据、训练闭环以及污染/偏差/隐私等风险缓解。

任职要求：
熟悉Python和PyTorch等框架，具备机器学习、深度学习、概率统计和算法基础；熟悉大语言模型或多模态基础模型训练流程；对预训练数据清洗、去重、污染检测、质量评估、覆盖度建模等有系统性理解；具备优秀实验设计和分析能力。",doubao-seed-2-0-pro-260215,2,5,5,3,10,high,weak,候选人为AI产品经理，岗位为算法研究员，岗位核心要求算法研究能力，匹配度极低。,"['有Python基础', '熟悉LLM相关能力边界']","['无算法研究相关经验', '岗位要求的预训练数据相关能力完全不匹配', '核心技能为产品设计而非算法研发']",25
美团,meituan_detail_20260609,6,LongCat - 高性能算子 AI 工程师,核心本地商业-基础研发平台,北京市、上海市,2026-05-28,https://zhaopin.meituan.com/web/position/detail?jobUnionId=2978735823&highlightType=social,2年,参与超大规模AI大模型训练和推理平台建设，研发高性能训推算子模块，提升平台MFU/MBU；协同框架算法设计训推方案，并调研业界前沿技术。,扎实计算机理论基础；熟练CUDA和GPU架构，或具备国产AI设备编程经验；熟悉高性能kernel开发、FlashAttention等；熟悉大模型训练推理架构和性能优化实践。,"岗位职责：
参与超大规模AI大模型训练和推理平台建设，研发高性能训推算子模块，提升平台MFU/MBU；协同框架算法设计训推方案，并调研业界前沿技术。

任职要求：
扎实计算机理论基础；熟练CUDA和GPU架构，或具备国产AI设备编程经验；熟悉高性能kernel开发、FlashAttention等；熟悉大模型训练推理架构和性能优化实践。",doubao-seed-2-0-pro-260215,0,5,5,5,10,high,weak,候选人是AI产品经理，岗位为高性能算子AI工程师，岗位方向差异极大，匹配度极低。,"['有AI产品落地经验', '具备基础工程能力']","['无高性能算子开发相关经验', '岗位为技术研发类，与产品经理职业方向不符']",25
美团,meituan_detail_20260609,18,LongCat - Agentic Coding算法研究员,核心本地商业-基础研发平台,北京市,2026-05-29,https://zhaopin.meituan.com/web/position/detail?jobUnionId=4517801293&highlightType=social,1年,负责代码全链路训练，包括pretrain、midtrain、SFT、RL，提升代码生成、理解、修复能力；构建高质量Coding数据生产与评估体系；构建面向Coding的大规模RL训练体系；研究超长上下文、多文件关联和仓库级知识记忆。,具备扎实机器学习、深度学习、强化学习功底，相关专业硕士/博士优先；动手能力强，熟练掌握Python；在顶级会议发表论文或高质量开源项目有贡献优先；对大模型训练、推理和Agent执行复杂问题有热情。,"岗位职责：
负责代码全链路训练，包括pretrain、midtrain、SFT、RL，提升代码生成、理解、修复能力；构建高质量Coding数据生产与评估体系；构建面向Coding的大规模RL训练体系；研究超长上下文、多文件关联和仓库级知识记忆。

任职要求：
具备扎实机器学习、深度学习、强化学习功底，相关专业硕士/博士优先；动手能力强，熟练掌握Python；在顶级会议发表论文或高质量开源项目有贡献优先；对大模型训练、推理和Agent执行复杂问题有热情。",doubao-seed-2-0-pro-260215,0,5,6,8,5,high,weak,岗位为算法研究岗，核心要求算法功底与代码训练研究能力，候选人是AI产品经理，方向完全不匹配。,"['有AI产品0-1落地经验', '懂基础开发工具可快速搭建MVP']","['无算法研究相关经历，岗位要求的大模型训练、RL等能力缺失', '岗位为算法岗，和候选人产品经理求职方向不符']",24
美团,meituan_detail_20260609,17,LongCat - 具身图形算法工程师,核心本地商业-基础研发平台,北京市、上海市,2026-05-28,https://zhaopin.meituan.com/web/position/detail?jobUnionId=4151489050&highlightType=social,3年,从事具身方向图形算法相关研究，包括仿真平台研发、3D AIGC资产和场景生成重建、以及具身智能场景下强化学习框架研发与新训练范式探索。,计算机科学或相关领域学士/硕士/博士；具备扎实编程能力、自驱力和快速学习能力；对人工智能、计算机图形学、机器人有相关经验；在相关顶级会议或期刊发表论文者优先。,"岗位职责：
从事具身方向图形算法相关研究，包括仿真平台研发、3D AIGC资产和场景生成重建、以及具身智能场景下强化学习框架研发与新训练范式探索。

任职要求：
计算机科学或相关领域学士/硕士/博士；具备扎实编程能力、自驱力和快速学习能力；对人工智能、计算机图形学、机器人有相关经验；在相关顶级会议或期刊发表论文者优先。",doubao-seed-2-0-pro-260215,0,5,5,5,5,high,weak,岗位为具身图形算法岗，候选人是AI产品经理，领域完全不匹配，无相关算法研究经验。,"['有AI产品0-1落地经验', '熟悉企业AI中台、Agent相关产品设计']","['无具身图形、3D AIGC、强化学习相关算法经验', '岗位为算法类，与候选人产品经理职业方向不符']",20
美团,meituan_detail_20260609,12,LongCat - 多模态算法研究员,核心本地商业-基础研发平台,北京市、上海市,2026-05-28,https://zhaopin.meituan.com/web/position/detail?jobUnionId=4518445342&highlightType=social,1年,探索下一代原生多模态基础模型，研究多模态与文本深度融合、多模态数据挖掘与构建、视觉表征与tokenizer设计，以及通过强化学习激发长程多模态生成与交互能力。,熟悉Python、PyTorch/Megatron/DeepSpeed等训练框架，有大规模预训练或数据pipeline经验；满足以下至少一项：有多模态数据挖掘/清洗/质量控制经验，或对视觉表征和多模融合策略有深入理解。优先：多模态基座研究、视觉tokenizer、图像生成模型经验或论文。,"岗位职责：
探索下一代原生多模态基础模型，研究多模态与文本深度融合、多模态数据挖掘与构建、视觉表征与tokenizer设计，以及通过强化学习激发长程多模态生成与交互能力。

任职要求：
熟悉Python、PyTorch/Megatron/DeepSpeed等训练框架，有大规模预训练或数据pipeline经验；满足以下至少一项：有多模态数据挖掘/清洗/质量控制经验，或对视觉表征和多模融合策略有深入理解。优先：多模态基座研究、视觉tokenizer、图像生成模型经验或论文。",doubao-seed-2-0-pro-260215,0,0,5,5,10,high,weak,岗位为多模态算法研究员，要求算法研发能力，候选人是AI产品经理，岗位属性完全不匹配。,"['有AI产品落地经验，懂基础Python技术', '有跨部门推进项目落地的经验']","['无多模态算法研究相关经验，岗位要求与候选人方向完全不符', '迁移成本极高，无法胜任算法研发类工作']",20
美团,meituan_detail_20260609,15,LongCat - 大模型推理 AI 工程师（多方向）,核心本地商业-基础研发平台,北京市、上海市,2026-05-29,https://zhaopin.meituan.com/web/position/detail?jobUnionId=4479586282&highlightType=social,3年,负责大模型推理引擎的研发和优化，包括推理系统优化、模型量化压缩和部署；开发和维护基于大规模数据的推理引擎；解决推理技术难题并开展相关技术研究。,本科及以上，3年以上软件开发经验，有推理引擎开发经验优先；熟练掌握C++、CUDA；熟悉机器学习与深度学习理论和Transformer结构优化；熟悉主流深度学习和推理框架；具备团队合作与沟通能力。,"岗位职责：
负责大模型推理引擎的研发和优化，包括推理系统优化、模型量化压缩和部署；开发和维护基于大规模数据的推理引擎；解决推理技术难题并开展相关技术研究。

任职要求：
本科及以上，3年以上软件开发经验，有推理引擎开发经验优先；熟练掌握C++、CUDA；熟悉机器学习与深度学习理论和Transformer结构优化；熟悉主流深度学习和推理框架；具备团队合作与沟通能力。",doubao-seed-2-0-pro-260215,0,5,5,5,5,high,weak,岗位为大模型推理AI工程师，需C++/CUDA等工程研发能力，候选人是AI产品经理，无相关研发经验，匹配度极低。,"['具备AI产品0-1落地及跨团队推进经验', '了解LLM、Agent及AI中台相关产品逻辑']","['无推理引擎研发、C++/CUDA开发相关经验，岗位核心能力完全不匹配', '产品背景与技术研发岗位属性差异极大，迁移成本极高']",20
